[
  {
    "name": "timeline",
    "type": "type",
    "value": {
      "type": "object",
      "attributes": {
        "_type": {
          "type": "objectAttribute",
          "value": {
            "type": "string",
            "value": "timeline"
          }
        },
        "items": {
          "type": "objectAttribute",
          "value": {
            "type": "array",
            "of": {
              "type": "object",
              "attributes": {
                "title": {
                  "type": "objectAttribute",
                  "value": {
                    "type": "string"
                  },
                  "optional": true
                },
                "milestones": {
                  "type": "objectAttribute",
                  "value": {
                    "type": "array",
                    "of": {
                      "type": "object",
                      "attributes": {
                        "_key": {
                          "type": "objectAttribute",
                          "value": {
                            "type": "string"
                          }
                        }
                      },
                      "rest": {
                        "type": "inline",
                        "name": "milestone"
                      }
                    }
                  },
                  "optional": true
                },
                "_type": {
                  "type": "objectAttribute",
                  "value": {
                    "type": "string",
                    "value": "item"
                  }
                }
              },
              "rest": {
                "type": "object",
                "attributes": {
                  "_key": {
                    "type": "objectAttribute",
                    "value": {
                      "type": "string"
                    }
                  }
                }
              }
            }
          },
          "optional": true
        }
      }
    }
  },
  {
    "name": "milestone",
    "type": "type",
    "value": {
      "type": "object",
      "attributes": {
        "_type": {
          "type": "objectAttribute",
          "value": {
            "type": "string",
            "value": "milestone"
          }
        },
        "title": {
          "type": "objectAttribute",
          "value": {
            "type": "string"
          },
          "optional": true
        },
        "description": {
          "type": "objectAttribute",
          "value": {
            "type": "string"
          },
          "optional": true
        },
        "image": {
          "type": "objectAttribute",
          "value": {
            "type": "object",
            "attributes": {
              "asset": {
                "type": "objectAttribute",
                "value": {
                  "type": "object",
                  "attributes": {
                    "_ref": {
                      "type": "objectAttribute",
                      "value": {
                        "type": "string"
                      }
                    },
                    "_type": {
                      "type": "objectAttribute",
                      "value": {
                        "type": "string",
                        "value": "reference"
                      }
                    },
                    "_weak": {
                      "type": "objectAttribute",
                      "value": {
                        "type": "boolean"
                      },
                      "optional": true
                    }
                  },
                  "dereferencesTo": "sanity.imageAsset"
                },
                "optional": true
              },
              "media": {
                "type": "objectAttribute",
                "value": {
                  "type": "unknown"
                },
                "optional": true
              },
              "hotspot": {
                "type": "objectAttribute",
                "value": {
                  "type": "inline",
                  "name": "sanity.imageHotspot"
                },
                "optional": true
              },
              "crop": {
                "type": "objectAttribute",
                "value": {
                  "type": "inline",
                  "name": "sanity.imageCrop"
                },
                "optional": true
              },
              "_type": {
                "type": "objectAttribute",
                "value": {
                  "type": "string",
                  "value": "image"
                }
              }
            }
          },
          "optional": true
        },
        "tags": {
          "type": "objectAttribute",
          "value": {
            "type": "array",
            "of": {
              "type": "string"
            }
          },
          "optional": true
        },
        "duration": {
          "type": "objectAttribute",
          "value": {
            "type": "inline",
            "name": "duration"
          },
          "optional": true
        }
      }
    }
  },
  {
    "name": "project",
    "type": "document",
    "attributes": {
      "_id": {
        "type": "objectAttribute",
        "value": {
          "type": "string"
        }
      },
      "_type": {
        "type": "objectAttribute",
        "value": {
          "type": "string",
          "value": "project"
        }
      },
      "_createdAt": {
        "type": "objectAttribute",
        "value": {
          "type": "string"
        }
      },
      "_updatedAt": {
        "type": "objectAttribute",
        "value": {
          "type": "string"
        }
      },
      "_rev": {
        "type": "objectAttribute",
        "value": {
          "type": "string"
        }
      },
      "title": {
        "type": "objectAttribute",
        "value": {
          "type": "string"
        },
        "optional": true
      },
      "slug": {
        "type": "objectAttribute",
        "value": {
          "type": "inline",
          "name": "slug"
        },
        "optional": true
      },
      "overview": {
        "type": "objectAttribute",
        "value": {
          "type": "array",
          "of": {
            "type": "object",
            "attributes": {
              "children": {
                "type": "objectAttribute",
                "value": {
                  "type": "array",
                  "of": {
                    "type": "object",
                    "attributes": {
                      "marks": {
                        "type": "objectAttribute",
                        "value": {
                          "type": "array",
                          "of": {
                            "type": "string"
                          }
                        },
                        "optional": true
                      },
                      "text": {
                        "type": "objectAttribute",
                        "value": {
                          "type": "string"
                        },
                        "optional": true
                      },
                      "_type": {
                        "type": "objectAttribute",
                        "value": {
                          "type": "string",
                          "value": "span"
                        }
                      }
                    },
                    "rest": {
                      "type": "object",
                      "attributes": {
                        "_key": {
                          "type": "objectAttribute",
                          "value": {
                            "type": "string"
                          }
                        }
                      }
                    }
                  }
                },
                "optional": true
              },
              "style": {
                "type": "objectAttribute",
                "value": {
                  "type": "union",
                  "of": [
                    {
                      "type": "string",
                      "value": "normal"
                    }
                  ]
                },
                "optional": true
              },
              "listItem": {
                "type": "objectAttribute",
                "value": {
                  "type": "union",
                  "of": []
                },
                "optional": true
              },
              "markDefs": {
                "type": "objectAttribute",
                "value": {
                  "type": "null"
                },
                "optional": true
              },
              "level": {
                "type": "objectAttribute",
                "value": {
                  "type": "number"
                },
                "optional": true
              },
              "_type": {
                "type": "objectAttribute",
                "value": {
                  "type": "string",
                  "value": "block"
                }
              }
            },
            "rest": {
              "type": "object",
              "attributes": {
                "_key": {
                  "type": "objectAttribute",
                  "value": {
                    "type": "string"
                  }
                }
              }
            }
          }
        },
        "optional": true
      },
      "coverImage": {
        "type": "objectAttribute",
        "value": {
          "type": "object",
          "attributes": {
            "asset": {
              "type": "objectAttribute",
              "value": {
                "type": "object",
                "attributes": {
                  "_ref": {
                    "type": "objectAttribute",
                    "value": {
                      "type": "string"
                    }
                  },
                  "_type": {
                    "type": "objectAttribute",
                    "value": {
                      "type": "string",
                      "value": "reference"
                    }
                  },
                  "_weak": {
                    "type": "objectAttribute",
                    "value": {
                      "type": "boolean"
                    },
                    "optional": true
                  }
                },
                "dereferencesTo": "sanity.imageAsset"
              },
              "optional": true
            },
            "media": {
              "type": "objectAttribute",
              "value": {
                "type": "unknown"
              },
              "optional": true
            },
            "hotspot": {
              "type": "objectAttribute",
              "value": {
                "type": "inline",
                "name": "sanity.imageHotspot"
              },
              "optional": true
            },
            "crop": {
              "type": "objectAttribute",
              "value": {
                "type": "inline",
                "name": "sanity.imageCrop"
              },
              "optional": true
            },
            "_type": {
              "type": "objectAttribute",
              "value": {
                "type": "string",
                "value": "image"
              }
            }
          }
        },
        "optional": true
      },
      "duration": {
        "type": "objectAttribute",
        "value": {
          "type": "inline",
          "name": "duration"
        },
        "optional": true
      },
      "client": {
        "type": "objectAttribute",
        "value": {
          "type": "string"
        },
        "optional": true
      },
      "site": {
        "type": "objectAttribute",
        "value": {
          "type": "string"
        },
        "optional": true
      },
      "tags": {
        "type": "objectAttribute",
        "value": {
          "type": "array",
          "of": {
            "type": "string"
          }
        },
        "optional": true
      },
      "description": {
        "type": "objectAttribute",
        "value": {
          "type": "array",
          "of": {
            "type": "union",
            "of": [
              {
                "type": "object",
                "attributes": {
                  "children": {
                    "type": "objectAttribute",
                    "value": {
                      "type": "array",
                      "of": {
                        "type": "object",
                        "attributes": {
                          "marks": {
                            "type": "objectAttribute",
                            "value": {
                              "type": "array",
                              "of": {
                                "type": "string"
                              }
                            },
                            "optional": true
                          },
                          "text": {
                            "type": "objectAttribute",
                            "value": {
                              "type": "string"
                            },
                            "optional": true
                          },
                          "_type": {
                            "type": "objectAttribute",
                            "value": {
                              "type": "string",
                              "value": "span"
                            }
                          }
                        },
                        "rest": {
                          "type": "object",
                          "attributes": {
                            "_key": {
                              "type": "objectAttribute",
                              "value": {
                                "type": "string"
                              }
                            }
                          }
                        }
                      }
                    },
                    "optional": true
                  },
                  "style": {
                    "type": "objectAttribute",
                    "value": {
                      "type": "union",
                      "of": [
                        {
                          "type": "string",
                          "value": "normal"
                        }
                      ]
                    },
                    "optional": true
                  },
                  "listItem": {
                    "type": "objectAttribute",
                    "value": {
                      "type": "union",
                      "of": [
                        {
                          "type": "string",
                          "value": "bullet"
                        },
                        {
                          "type": "string",
                          "value": "number"
                        }
                      ]
                    },
                    "optional": true
                  },
                  "markDefs": {
                    "type": "objectAttribute",
                    "value": {
                      "type": "array",
                      "of": {
                        "type": "object",
                        "attributes": {
                          "href": {
                            "type": "objectAttribute",
                            "value": {
                              "type": "string"
                            },
                            "optional": true
                          },
                          "_type": {
                            "type": "objectAttribute",
                            "value": {
                              "type": "string",
                              "value": "link"
                            }
                          }
                        },
                        "rest": {
                          "type": "object",
                          "attributes": {
                            "_key": {
                              "type": "objectAttribute",
                              "value": {
                                "type": "string"
                              }
                            }
                          }
                        }
                      }
                    },
                    "optional": true
                  },
                  "level": {
                    "type": "objectAttribute",
                    "value": {
                      "type": "number"
                    },
                    "optional": true
                  },
                  "_type": {
                    "type": "objectAttribute",
                    "value": {
                      "type": "string",
                      "value": "block"
                    }
                  }
                },
                "rest": {
                  "type": "object",
                  "attributes": {
                    "_key": {
                      "type": "objectAttribute",
                      "value": {
                        "type": "string"
                      }
                    }
                  }
                }
              },
              {
                "type": "object",
                "attributes": {
                  "_key": {
                    "type": "objectAttribute",
                    "value": {
                      "type": "string"
                    }
                  }
                },
                "rest": {
                  "type": "inline",
                  "name": "timeline"
                }
              },
              {
                "type": "object",
                "attributes": {
                  "asset": {
                    "type": "objectAttribute",
                    "value": {
                      "type": "object",
                      "attributes": {
                        "_ref": {
                          "type": "objectAttribute",
                          "value": {
                            "type": "string"
                          }
                        },
                        "_type": {
                          "type": "objectAttribute",
                          "value": {
                            "type": "string",
                            "value": "reference"
                          }
                        },
                        "_weak": {
                          "type": "objectAttribute",
                          "value": {
                            "type": "boolean"
                          },
                          "optional": true
                        }
                      },
                      "dereferencesTo": "sanity.imageAsset"
                    },
                    "optional": true
                  },
                  "media": {
                    "type": "objectAttribute",
                    "value": {
                      "type": "unknown"
                    },
                    "optional": true
                  },
                  "hotspot": {
                    "type": "objectAttribute",
                    "value": {
                      "type": "inline",
                      "name": "sanity.imageHotspot"
                    },
                    "optional": true
                  },
                  "crop": {
                    "type": "objectAttribute",
                    "value": {
                      "type": "inline",
                      "name": "sanity.imageCrop"
                    },
                    "optional": true
                  },
                  "caption": {
                    "type": "objectAttribute",
                    "value": {
                      "type": "string"
                    },
                    "optional": true
                  },
                  "alt": {
                    "type": "objectAttribute",
                    "value": {
                      "type": "string"
                    },
                    "optional": true
                  },
                  "_type": {
                    "type": "objectAttribute",
                    "value": {
                      "type": "string",
                      "value": "image"
                    }
                  }
                },
                "rest": {
                  "type": "object",
                  "attributes": {
                    "_key": {
                      "type": "objectAttribute",
                      "value": {
                        "type": "string"
                      }
                    }
                  }
                }
              }
            ]
          }
        },
        "optional": true
      }
    }
  },
  {
    "name": "page",
    "type": "document",
    "attributes": {
      "_id": {
        "type": "objectAttribute",
        "value": {
          "type": "string"
        }
      },
      "_type": {
        "type": "objectAttribute",
        "value": {
          "type": "string",
          "value": "page"
        }
      },
      "_createdAt": {
        "type": "objectAttribute",
        "value": {
          "type": "string"
        }
      },
      "_updatedAt": {
        "type": "objectAttribute",
        "value": {
          "type": "string"
        }
      },
      "_rev": {
        "type": "objectAttribute",
        "value": {
          "type": "string"
        }
      },
      "title": {
        "type": "objectAttribute",
        "value": {
          "type": "string"
        },
        "optional": true
      },
      "slug": {
        "type": "objectAttribute",
        "value": {
          "type": "inline",
          "name": "slug"
        },
        "optional": true
      },
      "overview": {
        "type": "objectAttribute",
        "value": {
          "type": "array",
          "of": {
            "type": "object",
            "attributes": {
              "children": {
                "type": "objectAttribute",
                "value": {
                  "type": "array",
                  "of": {
                    "type": "object",
                    "attributes": {
                      "marks": {
                        "type": "objectAttribute",
                        "value": {
                          "type": "array",
                          "of": {
                            "type": "string"
                          }
                        },
                        "optional": true
                      },
                      "text": {
                        "type": "objectAttribute",
                        "value": {
                          "type": "string"
                        },
                        "optional": true
                      },
                      "_type": {
                        "type": "objectAttribute",
                        "value": {
                          "type": "string",
                          "value": "span"
                        }
                      }
                    },
                    "rest": {
                      "type": "object",
                      "attributes": {
                        "_key": {
                          "type": "objectAttribute",
                          "value": {
                            "type": "string"
                          }
                        }
                      }
                    }
                  }
                },
                "optional": true
              },
              "style": {
                "type": "objectAttribute",
                "value": {
                  "type": "union",
                  "of": [
                    {
                      "type": "string",
                      "value": "normal"
                    }
                  ]
                },
                "optional": true
              },
              "listItem": {
                "type": "objectAttribute",
                "value": {
                  "type": "union",
                  "of": []
                },
                "optional": true
              },
              "markDefs": {
                "type": "objectAttribute",
                "value": {
                  "type": "null"
                },
                "optional": true
              },
              "level": {
                "type": "objectAttribute",
                "value": {
                  "type": "number"
                },
                "optional": true
              },
              "_type": {
                "type": "objectAttribute",
                "value": {
                  "type": "string",
                  "value": "block"
                }
              }
            },
            "rest": {
              "type": "object",
              "attributes": {
                "_key": {
                  "type": "objectAttribute",
                  "value": {
                    "type": "string"
                  }
                }
              }
            }
          }
        },
        "optional": true
      },
      "body": {
        "type": "objectAttribute",
        "value": {
          "type": "array",
          "of": {
            "type": "union",
            "of": [
              {
                "type": "object",
                "attributes": {
                  "children": {
                    "type": "objectAttribute",
                    "value": {
                      "type": "array",
                      "of": {
                        "type": "object",
                        "attributes": {
                          "marks": {
                            "type": "objectAttribute",
                            "value": {
                              "type": "array",
                              "of": {
                                "type": "string"
                              }
                            },
                            "optional": true
                          },
                          "text": {
                            "type": "objectAttribute",
                            "value": {
                              "type": "string"
                            },
                            "optional": true
                          },
                          "_type": {
                            "type": "objectAttribute",
                            "value": {
                              "type": "string",
                              "value": "span"
                            }
                          }
                        },
                        "rest": {
                          "type": "object",
                          "attributes": {
                            "_key": {
                              "type": "objectAttribute",
                              "value": {
                                "type": "string"
                              }
                            }
                          }
                        }
                      }
                    },
                    "optional": true
                  },
                  "style": {
                    "type": "objectAttribute",
                    "value": {
                      "type": "union",
                      "of": [
                        {
                          "type": "string",
                          "value": "normal"
                        }
                      ]
                    },
                    "optional": true
                  },
                  "listItem": {
                    "type": "objectAttribute",
                    "value": {
                      "type": "union",
                      "of": [
                        {
                          "type": "string",
                          "value": "bullet"
                        },
                        {
                          "type": "string",
                          "value": "number"
                        }
                      ]
                    },
                    "optional": true
                  },
                  "markDefs": {
                    "type": "objectAttribute",
                    "value": {
                      "type": "array",
                      "of": {
                        "type": "object",
                        "attributes": {
                          "href": {
                            "type": "objectAttribute",
                            "value": {
                              "type": "string"
                            },
                            "optional": true
                          },
                          "_type": {
                            "type": "objectAttribute",
                            "value": {
                              "type": "string",
                              "value": "link"
                            }
                          }
                        },
                        "rest": {
                          "type": "object",
                          "attributes": {
                            "_key": {
                              "type": "objectAttribute",
                              "value": {
                                "type": "string"
                              }
                            }
                          }
                        }
                      }
                    },
                    "optional": true
                  },
                  "level": {
                    "type": "objectAttribute",
                    "value": {
                      "type": "number"
                    },
                    "optional": true
                  },
                  "_type": {
                    "type": "objectAttribute",
                    "value": {
                      "type": "string",
                      "value": "block"
                    }
                  }
                },
                "rest": {
                  "type": "object",
                  "attributes": {
                    "_key": {
                      "type": "objectAttribute",
                      "value": {
                        "type": "string"
                      }
                    }
                  }
                }
              },
              {
                "type": "object",
                "attributes": {
                  "_key": {
                    "type": "objectAttribute",
                    "value": {
                      "type": "string"
                    }
                  }
                },
                "rest": {
                  "type": "inline",
                  "name": "timeline"
                }
              },
              {
                "type": "object",
                "attributes": {
                  "asset": {
                    "type": "objectAttribute",
                    "value": {
                      "type": "object",
                      "attributes": {
                        "_ref": {
                          "type": "objectAttribute",
                          "value": {
                            "type": "string"
                          }
                        },
                        "_type": {
                          "type": "objectAttribute",
                          "value": {
                            "type": "string",
                            "value": "reference"
                          }
                        },
                        "_weak": {
                          "type": "objectAttribute",
                          "value": {
                            "type": "boolean"
                          },
                          "optional": true
                        }
                      },
                      "dereferencesTo": "sanity.imageAsset"
                    },
                    "optional": true
                  },
                  "media": {
                    "type": "objectAttribute",
                    "value": {
                      "type": "unknown"
                    },
                    "optional": true
                  },
                  "hotspot": {
                    "type": "objectAttribute",
                    "value": {
                      "type": "inline",
                      "name": "sanity.imageHotspot"
                    },
                    "optional": true
                  },
                  "crop": {
                    "type": "objectAttribute",
                    "value": {
                      "type": "inline",
                      "name": "sanity.imageCrop"
                    },
                    "optional": true
                  },
                  "caption": {
                    "type": "objectAttribute",
                    "value": {
                      "type": "string"
                    },
                    "optional": true
                  },
                  "alt": {
                    "type": "objectAttribute",
                    "value": {
                      "type": "string"
                    },
                    "optional": true
                  },
                  "_type": {
                    "type": "objectAttribute",
                    "value": {
                      "type": "string",
                      "value": "image"
                    }
                  }
                },
                "rest": {
                  "type": "object",
                  "attributes": {
                    "_key": {
                      "type": "objectAttribute",
                      "value": {
                        "type": "string"
                      }
                    }
                  }
                }
              }
            ]
          }
        },
        "optional": true
      }
    }
  },
  {
    "name": "duration",
    "type": "type",
    "value": {
      "type": "object",
      "attributes": {
        "_type": {
          "type": "objectAttribute",
          "value": {
            "type": "string",
            "value": "duration"
          }
        },
        "start": {
          "type": "objectAttribute",
          "value": {
            "type": "string"
          },
          "optional": true
        },
        "end": {
          "type": "objectAttribute",
          "value": {
            "type": "string"
          },
          "optional": true
        }
      }
    }
  },
  {
    "name": "settings",
    "type": "document",
    "attributes": {
      "_id": {
        "type": "objectAttribute",
        "value": {
          "type": "string"
        }
      },
      "_type": {
        "type": "objectAttribute",
        "value": {
          "type": "string",
          "value": "settings"
        }
      },
      "_createdAt": {
        "type": "objectAttribute",
        "value": {
          "type": "string"
        }
      },
      "_updatedAt": {
        "type": "objectAttribute",
        "value": {
          "type": "string"
        }
      },
      "_rev": {
        "type": "objectAttribute",
        "value": {
          "type": "string"
        }
      },
      "menuItems": {
        "type": "objectAttribute",
        "value": {
          "type": "array",
          "of": {
            "type": "union",
            "of": [
              {
                "type": "object",
                "attributes": {
                  "_ref": {
                    "type": "objectAttribute",
                    "value": {
                      "type": "string"
                    }
                  },
                  "_type": {
                    "type": "objectAttribute",
                    "value": {
                      "type": "string",
                      "value": "reference"
                    }
                  },
                  "_weak": {
                    "type": "objectAttribute",
                    "value": {
                      "type": "boolean"
                    },
                    "optional": true
                  }
                },
                "dereferencesTo": "home"
              },
              {
                "type": "object",
                "attributes": {
                  "_ref": {
                    "type": "objectAttribute",
                    "value": {
                      "type": "string"
                    }
                  },
                  "_type": {
                    "type": "objectAttribute",
                    "value": {
                      "type": "string",
                      "value": "reference"
                    }
                  },
                  "_weak": {
                    "type": "objectAttribute",
                    "value": {
                      "type": "boolean"
                    },
                    "optional": true
                  }
                },
                "dereferencesTo": "page"
              },
              {
                "type": "object",
                "attributes": {
                  "_ref": {
                    "type": "objectAttribute",
                    "value": {
                      "type": "string"
                    }
                  },
                  "_type": {
                    "type": "objectAttribute",
                    "value": {
                      "type": "string",
                      "value": "reference"
                    }
                  },
                  "_weak": {
                    "type": "objectAttribute",
                    "value": {
                      "type": "boolean"
                    },
                    "optional": true
                  }
                },
                "dereferencesTo": "project"
              }
            ]
          }
        },
        "optional": true
      },
      "footer": {
        "type": "objectAttribute",
        "value": {
          "type": "array",
          "of": {
            "type": "object",
            "attributes": {
              "children": {
                "type": "objectAttribute",
                "value": {
                  "type": "array",
                  "of": {
                    "type": "object",
                    "attributes": {
                      "marks": {
                        "type": "objectAttribute",
                        "value": {
                          "type": "array",
                          "of": {
                            "type": "string"
                          }
                        },
                        "optional": true
                      },
                      "text": {
                        "type": "objectAttribute",
                        "value": {
                          "type": "string"
                        },
                        "optional": true
                      },
                      "_type": {
                        "type": "objectAttribute",
                        "value": {
                          "type": "string",
                          "value": "span"
                        }
                      }
                    },
                    "rest": {
                      "type": "object",
                      "attributes": {
                        "_key": {
                          "type": "objectAttribute",
                          "value": {
                            "type": "string"
                          }
                        }
                      }
                    }
                  }
                },
                "optional": true
              },
              "style": {
                "type": "objectAttribute",
                "value": {
                  "type": "union",
                  "of": [
                    {
                      "type": "string",
                      "value": "normal"
                    },
                    {
                      "type": "string",
                      "value": "h1"
                    },
                    {
                      "type": "string",
                      "value": "h2"
                    },
                    {
                      "type": "string",
                      "value": "h3"
                    },
                    {
                      "type": "string",
                      "value": "h4"
                    },
                    {
                      "type": "string",
                      "value": "h5"
                    },
                    {
                      "type": "string",
                      "value": "h6"
                    },
                    {
                      "type": "string",
                      "value": "blockquote"
                    }
                  ]
                },
                "optional": true
              },
              "listItem": {
                "type": "objectAttribute",
                "value": {
                  "type": "union",
                  "of": [
                    {
                      "type": "string",
                      "value": "bullet"
                    },
                    {
                      "type": "string",
                      "value": "number"
                    }
                  ]
                },
                "optional": true
              },
              "markDefs": {
                "type": "objectAttribute",
                "value": {
                  "type": "array",
                  "of": {
                    "type": "object",
                    "attributes": {
                      "href": {
                        "type": "objectAttribute",
                        "value": {
                          "type": "string"
                        },
                        "optional": true
                      },
                      "_type": {
                        "type": "objectAttribute",
                        "value": {
                          "type": "string",
                          "value": "link"
                        }
                      }
                    },
                    "rest": {
                      "type": "object",
                      "attributes": {
                        "_key": {
                          "type": "objectAttribute",
                          "value": {
                            "type": "string"
                          }
                        }
                      }
                    }
                  }
                },
                "optional": true
              },
              "level": {
                "type": "objectAttribute",
                "value": {
                  "type": "number"
                },
                "optional": true
              },
              "_type": {
                "type": "objectAttribute",
                "value": {
                  "type": "string",
                  "value": "block"
                }
              }
            },
            "rest": {
              "type": "object",
              "attributes": {
                "_key": {
                  "type": "objectAttribute",
                  "value": {
                    "type": "string"
                  }
                }
              }
            }
          }
        },
        "optional": true
      },
      "ogImage": {
        "type": "objectAttribute",
        "value": {
          "type": "object",
          "attributes": {
            "asset": {
              "type": "objectAttribute",
              "value": {
                "type": "object",
                "attributes": {
                  "_ref": {
                    "type": "objectAttribute",
                    "value": {
                      "type": "string"
                    }
                  },
                  "_type": {
                    "type": "objectAttribute",
                    "value": {
                      "type": "string",
                      "value": "reference"
                    }
                  },
                  "_weak": {
                    "type": "objectAttribute",
                    "value": {
                      "type": "boolean"
                    },
                    "optional": true
                  }
                },
                "dereferencesTo": "sanity.imageAsset"
              },
              "optional": true
            },
            "media": {
              "type": "objectAttribute",
              "value": {
                "type": "unknown"
              },
              "optional": true
            },
            "hotspot": {
              "type": "objectAttribute",
              "value": {
                "type": "inline",
                "name": "sanity.imageHotspot"
              },
              "optional": true
            },
            "crop": {
              "type": "objectAttribute",
              "value": {
                "type": "inline",
                "name": "sanity.imageCrop"
              },
              "optional": true
            },
            "_type": {
              "type": "objectAttribute",
              "value": {
                "type": "string",
                "value": "image"
              }
            }
          }
        },
        "optional": true
      }
    }
  },
  {
    "name": "home",
    "type": "document",
    "attributes": {
      "_id": {
        "type": "objectAttribute",
        "value": {
          "type": "string"
        }
      },
      "_type": {
        "type": "objectAttribute",
        "value": {
          "type": "string",
          "value": "home"
        }
      },
      "_createdAt": {
        "type": "objectAttribute",
        "value": {
          "type": "string"
        }
      },
      "_updatedAt": {
        "type": "objectAttribute",
        "value": {
          "type": "string"
        }
      },
      "_rev": {
        "type": "objectAttribute",
        "value": {
          "type": "string"
        }
      },
      "title": {
        "type": "objectAttribute",
        "value": {
          "type": "string"
        },
        "optional": true
      },
      "overview": {
        "type": "objectAttribute",
        "value": {
          "type": "array",
          "of": {
            "type": "object",
            "attributes": {
              "children": {
                "type": "objectAttribute",
                "value": {
                  "type": "array",
                  "of": {
                    "type": "object",
                    "attributes": {
                      "marks": {
                        "type": "objectAttribute",
                        "value": {
                          "type": "array",
                          "of": {
                            "type": "string"
                          }
                        },
                        "optional": true
                      },
                      "text": {
                        "type": "objectAttribute",
                        "value": {
                          "type": "string"
                        },
                        "optional": true
                      },
                      "_type": {
                        "type": "objectAttribute",
                        "value": {
                          "type": "string",
                          "value": "span"
                        }
                      }
                    },
                    "rest": {
                      "type": "object",
                      "attributes": {
                        "_key": {
                          "type": "objectAttribute",
                          "value": {
                            "type": "string"
                          }
                        }
                      }
                    }
                  }
                },
                "optional": true
              },
              "style": {
                "type": "objectAttribute",
                "value": {
                  "type": "union",
                  "of": [
                    {
                      "type": "string",
                      "value": "normal"
                    }
                  ]
                },
                "optional": true
              },
              "listItem": {
                "type": "objectAttribute",
                "value": {
                  "type": "union",
                  "of": []
                },
                "optional": true
              },
              "markDefs": {
                "type": "objectAttribute",
                "value": {
                  "type": "array",
                  "of": {
                    "type": "object",
                    "attributes": {
                      "href": {
                        "type": "objectAttribute",
                        "value": {
                          "type": "string"
                        },
                        "optional": true
                      },
                      "_type": {
                        "type": "objectAttribute",
                        "value": {
                          "type": "string",
                          "value": "link"
                        }
                      }
                    },
                    "rest": {
                      "type": "object",
                      "attributes": {
                        "_key": {
                          "type": "objectAttribute",
                          "value": {
                            "type": "string"
                          }
                        }
                      }
                    }
                  }
                },
                "optional": true
              },
              "level": {
                "type": "objectAttribute",
                "value": {
                  "type": "number"
                },
                "optional": true
              },
              "_type": {
                "type": "objectAttribute",
                "value": {
                  "type": "string",
                  "value": "block"
                }
              }
            },
            "rest": {
              "type": "object",
              "attributes": {
                "_key": {
                  "type": "objectAttribute",
                  "value": {
                    "type": "string"
                  }
                }
              }
            }
          }
        },
        "optional": true
      },
      "showcaseProjects": {
        "type": "objectAttribute",
        "value": {
          "type": "array",
          "of": {
            "type": "object",
            "attributes": {
              "_ref": {
                "type": "objectAttribute",
                "value": {
                  "type": "string"
                }
              },
              "_type": {
                "type": "objectAttribute",
                "value": {
                  "type": "string",
                  "value": "reference"
                }
              },
              "_weak": {
                "type": "objectAttribute",
                "value": {
                  "type": "boolean"
                },
                "optional": true
              }
            },
            "dereferencesTo": "project",
            "rest": {
              "type": "object",
              "attributes": {
                "_key": {
                  "type": "objectAttribute",
                  "value": {
                    "type": "string"
                  }
                }
              }
            }
          }
        },
        "optional": true
      }
    }
  },
  {
    "name": "sanity.imagePaletteSwatch",
    "type": "type",
    "value": {
      "type": "object",
      "attributes": {
        "_type": {
          "type": "objectAttribute",
          "value": {
            "type": "string",
            "value": "sanity.imagePaletteSwatch"
          }
        },
        "background": {
          "type": "objectAttribute",
          "value": {
            "type": "string"
          },
          "optional": true
        },
        "foreground": {
          "type": "objectAttribute",
          "value": {
            "type": "string"
          },
          "optional": true
        },
        "population": {
          "type": "objectAttribute",
          "value": {
            "type": "number"
          },
          "optional": true
        },
        "title": {
          "type": "objectAttribute",
          "value": {
            "type": "string"
          },
          "optional": true
        }
      }
    }
  },
  {
    "name": "sanity.imagePalette",
    "type": "type",
    "value": {
      "type": "object",
      "attributes": {
        "_type": {
          "type": "objectAttribute",
          "value": {
            "type": "string",
            "value": "sanity.imagePalette"
          }
        },
        "darkMuted": {
          "type": "objectAttribute",
          "value": {
            "type": "inline",
            "name": "sanity.imagePaletteSwatch"
          },
          "optional": true
        },
        "lightVibrant": {
          "type": "objectAttribute",
          "value": {
            "type": "inline",
            "name": "sanity.imagePaletteSwatch"
          },
          "optional": true
        },
        "darkVibrant": {
          "type": "objectAttribute",
          "value": {
            "type": "inline",
            "name": "sanity.imagePaletteSwatch"
          },
          "optional": true
        },
        "vibrant": {
          "type": "objectAttribute",
          "value": {
            "type": "inline",
            "name": "sanity.imagePaletteSwatch"
          },
          "optional": true
        },
        "dominant": {
          "type": "objectAttribute",
          "value": {
            "type": "inline",
            "name": "sanity.imagePaletteSwatch"
          },
          "optional": true
        },
        "lightMuted": {
          "type": "objectAttribute",
          "value": {
            "type": "inline",
            "name": "sanity.imagePaletteSwatch"
          },
          "optional": true
        },
        "muted": {
          "type": "objectAttribute",
          "value": {
            "type": "inline",
            "name": "sanity.imagePaletteSwatch"
          },
          "optional": true
        }
      }
    }
  },
  {
    "name": "sanity.imageDimensions",
    "type": "type",
    "value": {
      "type": "object",
      "attributes": {
        "_type": {
          "type": "objectAttribute",
          "value": {
            "type": "string",
            "value": "sanity.imageDimensions"
          }
        },
        "height": {
          "type": "objectAttribute",
          "value": {
            "type": "number"
          },
          "optional": true
        },
        "width": {
          "type": "objectAttribute",
          "value": {
            "type": "number"
          },
          "optional": true
        },
        "aspectRatio": {
          "type": "objectAttribute",
          "value": {
            "type": "number"
          },
          "optional": true
        }
      }
    }
  },
  {
    "name": "sanity.imageHotspot",
    "type": "type",
    "value": {
      "type": "object",
      "attributes": {
        "_type": {
          "type": "objectAttribute",
          "value": {
            "type": "string",
            "value": "sanity.imageHotspot"
          }
        },
        "x": {
          "type": "objectAttribute",
          "value": {
            "type": "number"
          },
          "optional": true
        },
        "y": {
          "type": "objectAttribute",
          "value": {
            "type": "number"
          },
          "optional": true
        },
        "height": {
          "type": "objectAttribute",
          "value": {
            "type": "number"
          },
          "optional": true
        },
        "width": {
          "type": "objectAttribute",
          "value": {
            "type": "number"
          },
          "optional": true
        }
      }
    }
  },
  {
    "name": "sanity.imageCrop",
    "type": "type",
    "value": {
      "type": "object",
      "attributes": {
        "_type": {
          "type": "objectAttribute",
          "value": {
            "type": "string",
            "value": "sanity.imageCrop"
          }
        },
        "top": {
          "type": "objectAttribute",
          "value": {
            "type": "number"
          },
          "optional": true
        },
        "bottom": {
          "type": "objectAttribute",
          "value": {
            "type": "number"
          },
          "optional": true
        },
        "left": {
          "type": "objectAttribute",
          "value": {
            "type": "number"
          },
          "optional": true
        },
        "right": {
          "type": "objectAttribute",
          "value": {
            "type": "number"
          },
          "optional": true
        }
      }
    }
  },
  {
    "name": "sanity.fileAsset",
    "type": "document",
    "attributes": {
      "_id": {
        "type": "objectAttribute",
        "value": {
          "type": "string"
        }
      },
      "_type": {
        "type": "objectAttribute",
        "value": {
          "type": "string",
          "value": "sanity.fileAsset"
        }
      },
      "_createdAt": {
        "type": "objectAttribute",
        "value": {
          "type": "string"
        }
      },
      "_updatedAt": {
        "type": "objectAttribute",
        "value": {
          "type": "string"
        }
      },
      "_rev": {
        "type": "objectAttribute",
        "value": {
          "type": "string"
        }
      },
      "originalFilename": {
        "type": "objectAttribute",
        "value": {
          "type": "string"
        },
        "optional": true
      },
      "label": {
        "type": "objectAttribute",
        "value": {
          "type": "string"
        },
        "optional": true
      },
      "title": {
        "type": "objectAttribute",
        "value": {
          "type": "string"
        },
        "optional": true
      },
      "description": {
        "type": "objectAttribute",
        "value": {
          "type": "string"
        },
        "optional": true
      },
      "altText": {
        "type": "objectAttribute",
        "value": {
          "type": "string"
        },
        "optional": true
      },
      "sha1hash": {
        "type": "objectAttribute",
        "value": {
          "type": "string"
        },
        "optional": true
      },
      "extension": {
        "type": "objectAttribute",
        "value": {
          "type": "string"
        },
        "optional": true
      },
      "mimeType": {
        "type": "objectAttribute",
        "value": {
          "type": "string"
        },
        "optional": true
      },
      "size": {
        "type": "objectAttribute",
        "value": {
          "type": "number"
        },
        "optional": true
      },
      "assetId": {
        "type": "objectAttribute",
        "value": {
          "type": "string"
        },
        "optional": true
      },
      "uploadId": {
        "type": "objectAttribute",
        "value": {
          "type": "string"
        },
        "optional": true
      },
      "path": {
        "type": "objectAttribute",
        "value": {
          "type": "string"
        },
        "optional": true
      },
      "url": {
        "type": "objectAttribute",
        "value": {
          "type": "string"
        },
        "optional": true
      },
      "source": {
        "type": "objectAttribute",
        "value": {
          "type": "inline",
          "name": "sanity.assetSourceData"
        },
        "optional": true
      }
    }
  },
  {
    "name": "sanity.imageAsset",
    "type": "document",
    "attributes": {
      "_id": {
        "type": "objectAttribute",
        "value": {
          "type": "string"
        }
      },
      "_type": {
        "type": "objectAttribute",
        "value": {
          "type": "string",
          "value": "sanity.imageAsset"
        }
      },
      "_createdAt": {
        "type": "objectAttribute",
        "value": {
          "type": "string"
        }
      },
      "_updatedAt": {
        "type": "objectAttribute",
        "value": {
          "type": "string"
        }
      },
      "_rev": {
        "type": "objectAttribute",
        "value": {
          "type": "string"
        }
      },
      "originalFilename": {
        "type": "objectAttribute",
        "value": {
          "type": "string"
        },
        "optional": true
      },
      "label": {
        "type": "objectAttribute",
        "value": {
          "type": "string"
        },
        "optional": true
      },
      "title": {
        "type": "objectAttribute",
        "value": {
          "type": "string"
        },
        "optional": true
      },
      "description": {
        "type": "objectAttribute",
        "value": {
          "type": "string"
        },
        "optional": true
      },
      "altText": {
        "type": "objectAttribute",
        "value": {
          "type": "string"
        },
        "optional": true
      },
      "sha1hash": {
        "type": "objectAttribute",
        "value": {
          "type": "string"
        },
        "optional": true
      },
      "extension": {
        "type": "objectAttribute",
        "value": {
          "type": "string"
        },
        "optional": true
      },
      "mimeType": {
        "type": "objectAttribute",
        "value": {
          "type": "string"
        },
        "optional": true
      },
      "size": {
        "type": "objectAttribute",
        "value": {
          "type": "number"
        },
        "optional": true
      },
      "assetId": {
        "type": "objectAttribute",
        "value": {
          "type": "string"
        },
        "optional": true
      },
      "uploadId": {
        "type": "objectAttribute",
        "value": {
          "type": "string"
        },
        "optional": true
      },
      "path": {
        "type": "objectAttribute",
        "value": {
          "type": "string"
        },
        "optional": true
      },
      "url": {
        "type": "objectAttribute",
        "value": {
          "type": "string"
        },
        "optional": true
      },
      "metadata": {
        "type": "objectAttribute",
        "value": {
          "type": "inline",
          "name": "sanity.imageMetadata"
        },
        "optional": true
      },
      "source": {
        "type": "objectAttribute",
        "value": {
          "type": "inline",
          "name": "sanity.assetSourceData"
        },
        "optional": true
      }
    }
  },
  {
    "name": "sanity.imageMetadata",
    "type": "type",
    "value": {
      "type": "object",
      "attributes": {
        "_type": {
          "type": "objectAttribute",
          "value": {
            "type": "string",
            "value": "sanity.imageMetadata"
          }
        },
        "location": {
          "type": "objectAttribute",
          "value": {
            "type": "inline",
            "name": "geopoint"
          },
          "optional": true
        },
        "dimensions": {
          "type": "objectAttribute",
          "value": {
            "type": "inline",
            "name": "sanity.imageDimensions"
          },
          "optional": true
        },
        "palette": {
          "type": "objectAttribute",
          "value": {
            "type": "inline",
            "name": "sanity.imagePalette"
          },
          "optional": true
        },
        "lqip": {
          "type": "objectAttribute",
          "value": {
            "type": "string"
          },
          "optional": true
        },
        "blurHash": {
          "type": "objectAttribute",
          "value": {
            "type": "string"
          },
          "optional": true
        },
        "hasAlpha": {
          "type": "objectAttribute",
          "value": {
            "type": "boolean"
          },
          "optional": true
        },
        "isOpaque": {
          "type": "objectAttribute",
          "value": {
            "type": "boolean"
          },
          "optional": true
        }
      }
    }
  },
  {
    "name": "geopoint",
    "type": "type",
    "value": {
      "type": "object",
      "attributes": {
        "_type": {
          "type": "objectAttribute",
          "value": {
            "type": "string",
            "value": "geopoint"
          }
        },
        "lat": {
          "type": "objectAttribute",
          "value": {
            "type": "number"
          },
          "optional": true
        },
        "lng": {
          "type": "objectAttribute",
          "value": {
            "type": "number"
          },
          "optional": true
        },
        "alt": {
          "type": "objectAttribute",
          "value": {
            "type": "number"
          },
          "optional": true
        }
      }
    }
  },
  {
    "name": "slug",
    "type": "type",
    "value": {
      "type": "object",
      "attributes": {
        "_type": {
          "type": "objectAttribute",
          "value": {
            "type": "string",
            "value": "slug"
          }
        },
        "current": {
          "type": "objectAttribute",
          "value": {
            "type": "string"
          },
          "optional": true
        },
        "source": {
          "type": "objectAttribute",
          "value": {
            "type": "string"
          },
          "optional": true
        }
      }
    }
  },
  {
    "name": "sanity.assetSourceData",
    "type": "type",
    "value": {
      "type": "object",
      "attributes": {
        "_type": {
          "type": "objectAttribute",
          "value": {
            "type": "string",
            "value": "sanity.assetSourceData"
          }
        },
        "name": {
          "type": "objectAttribute",
          "value": {
            "type": "string"
          },
          "optional": true
        },
        "id": {
          "type": "objectAttribute",
          "value": {
            "type": "string"
          },
          "optional": true
        },
        "url": {
          "type": "objectAttribute",
          "value": {
            "type": "string"
          },
          "optional": true
        }
      }
    }
  }
]
